 
malak_felioune malak felioune malak@gmail.com 23454
imad_ismail imad ismail imad@gmail.com 45454
malak_felioune malak felioune malak@gmail.com 23454
imad_ismail imad ismail imad@gmail.com 45454
Malak_Felioune Malak Felioune malak.felioune@gmail.com 23454
Imad_Ismail Imad Ismail imad.ismail@gmail.com 45454
Rahim_Khfif Rahim Khfif rahim.khfif@gmail.com 45454
Yasmine_Ahmed Yasmine Ahmed yasmine.ahmed@gmail.com 11111
Amir_Ibrahim Amir Ibrahim amir.ibrahim@gmail.com 22222
Lina_Hassan Lina Hassan lina.hassan@gmail.com 33333
Khaled_Ali Khaled Ali khaled.ali@gmail.com 44444
Fatima_Khalid Fatima Khalid fatima.khalid@gmail.com 55555
Ahmad_Mahmoud Ahmad Mahmoud ahmad.mahmoud@gmail.com 66666
Noura_Abbas Noura Abbas noura.abbas@gmail.com 77777
Omar_Saleh Omar Saleh omar.saleh@gmail.com 88888
Sara_Mustafa Sara Mustafa sara.mustafa@gmail.com 99999
Jamil_Saad Jamil Saad jamil.saad@gmail.com 12345
Laila_Amin Laila Amin laila.amin@gmail.com 54321
Ziad_Farooq Ziad Farooq ziad.farooq@gmail.com 13579
Huda_Mansour Huda Mansour huda.mansour@gmail.com 24680
Rania_Nasser Rania Nasser rania.nasser@gmail.com 98765
Bilal_Hamza Bilal Hamza bilal.hamza@gmail.com 11223
Yara_Omar Yara Omar yara.omar@gmail.com 33445
Aya_Jamal Aya Jamal aya.jamal@gmail.com 55667
Tarek_Said Tarek Said tarek.said@gmail.com 77889
Salma_Adnan Salma Adnan salma.adnan@gmail.com 99000
Zainab_Karim Zainab Karim zainab.karim@gmail.com 23232
Majid_Hadi Majid Hadi majid.hadi@gmail.com 45454
Nadia_Rahim Nadia Rahim nadia.rahim@gmail.com 67676
Aliya_Sultan Aliya Sultan aliya.sultan@gmail.com 89898
Hamza_Qasim Hamza Qasim hamza.qasim@gmail.com 12345
Dalia_Jabir Dalia Jabir dalia.jabir@gmail.com 54321
Saeed_Fawzi Saeed Fawzi saeed.fawzi@gmail.com 13579
Yasir_Amir Yasir Amir yasir.amir@gmail.com 24680
Lamya_Taha Lamya Taha lamya.taha@gmail.com 98765
Karim_Mustafa Karim Mustafa karim.mustafa@gmail.com 11223
Nadia_Jamal Nadia Jamal nadia.jamal@gmail.com 33445
Rashid_Abbas Rashid Abbas rashid.abbas@gmail.com 55667
Amina_Kareem Amina Kareem amina.kareem@gmail.com 77889
Omar_Nasir Omar Nasir omar.nasir@gmail.com 99000
Amira_Said Amira Said amira.said@gmail.com 23232
Samir_Hasan Samir Hasan samir.hasan@gmail.com 45454
Dunya_Aref Dunya Aref dunya.aref@gmail.com 67676
Khaled_Naji Khaled Naji khaled.naji@gmail.com 89898
Layla_Saadi Layla Saadi layla.saadi@gmail.com 12345
Yousef_Hamed Yousef Hamed yousef.hamed@gmail.com 54321
Maya_Sami Maya Sami maya.sami@gmail.com 13579
Hassan_Rami Hassan Rami hassan.rami@gmail.com 24680
Faten_Nabil Faten Nabil faten.nabil@gmail.com 98765
Tariq_Jaber Tariq Jaber tariq.jaber@gmail.com 11223
 
