Omar_Abdulrahman Omar Abdulrahman omar.abdulrahman@gmail.com Arabic 10/12/2010 
Layla_Khalifa Layla Khalifa layla.khalifa@gmail.com French 19/6/2015
Fatima_Ahmed Fatima Ahmed fatima.ahmed@gmail.com Mathematics 5/3/2012  
Youssef_Mansour Youssef Mansour youssef.mansour@gmail.com History 10/9/2014 
Nour_Abdullah Nour Abdullah nour.abdullah@gmail.com Physics 3/7/2016  
Huda_Jamal Huda Jamal huda.jamal@gmail.com Biology 12/5/2018
Ahmad_Salah Ahmad Salah ahmad.salah@gmail.com English 8/11/2019
Sara_Nasser Sara Nasser sara.nasser@gmail.com Geography 17/10/2011
Khaled_Farooq Khaled Farooq khaled.farooq@gmail.com Computer_Science 6/9/2013
Amina_Ali Amina Ali amina.ali@gmail.com Art 4/4/2014
Mustafa_Taha Mustafa Taha mustafa.taha@gmail.com Physical_Education 15/1/2016
Lina_Mahmoud Lina Mahmoud lina.mahmoud@gmail.com Economics 30/8/2017
Yassin_Samir Yassin Samir yassin.samir@gmail.com Psychology 21/7/2019
Hana_Abdulaziz Hana Abdulaziz hana.abdulaziz@gmail.com Philosophy 9/6/2020
Karim_Mansouri Karim Mansouri karim.mansouri@gmail.com Engineering 18/5/2021  
imad_ismail imad ismail imaddd IYTE 12/12/2029
imad_imadd imad imadd imaddd ite 12/23/2029
